R_1114kZFEmBz5Ei8,11:15 PM,6:00 AM
R_116CiomiCGKgelE,10:00 PM,6:00 AM
R_117PTstxwm9tuEP,11:00 PM,7:00 AM
R_11bcfufoYKj2CYy,10:00 PM,7:30 AM
R_11YBcMD7kw3gK6B,11:00 PM,6:30 AM
R_125U8icpmg8th08,10:00 PM,5:15 AM
R_12a9O7MkeQalVbJ,10:15 PM,7:30 AM
R_12MBoCqjGqAWbr6,11:00 PM,6:45 AM
R_12RUNTMBBS9g7f6,10:00 PM,7:15 AM
R_12SHQN3OTZYiEob,9:15 PM,6:45 AM
R_12ukJLXHdNDsIqY,10:00 PM,6:00 AM
R_1BPEdbiBc1zeOlw,1:30 AM,10:00 AM
R_1BQuMFEUYC1C54r,10:30 PM,8:30 AM
R_1BWQTHw0lU8qyOe,8:00 PM,7:00 AM
R_1C8dfN17Xhl6JHH,9:30 PM,5:45 AM
R_1C8Y3TwqOm4d96w,9:30 PM,6:00 AM
R_1CDd73IN5mFJxYZ,2:00 AM,8:00 AM
R_1CDYMMwY2WUtrCy,8:15 PM,6:15 AM
R_1CeVEtgcOb5Dn9P,1:00 AM,10:00 AM
R_1CfFBneF61rLLZW,10:30 PM,6:00 AM
